,Unnamed: 0,fire_weather.tm,fire_weather.district_1,fire_weather.district_2,fire_weather.stn,fire_weather.ta_max,fire_weather.ta_min,fire_weather.ta_max_min,fire_weather.rn_day,fire_weather.ws_max,fire_weather.ws_ins_max,fire_weather.ws_mean,fire_weather.ws_min,fire_weather.hm_max,fire_weather.hm_mean,fire_weather.hm_min
405360,414161,2018-01-17,경상북도,경주시,811,7.7,-1.0,8.7,,3.4,5.6,1.3,0.1,99.7,94.5,81.6
405361,414162,2018-01-18,경상북도,경주시,811,9.3,-1.1,10.4,,4.1,8.8,1.5,0.3,99.7,68.0,44.4
405362,414163,2018-01-19,경상북도,경주시,811,9.7,-4.3,14.0,,3.7,6.2,1.1,0.3,95.1,60.1,24.2
405363,414164,2018-01-20,경상북도,경주시,811,8.8,-5.0,13.8,,3.3,7.3,1.2,0.2,88.3,59.3,37.5
405364,414165,2018-01-21,경상북도,경주시,811,9.9,-5.0,14.9,,2.3,4.3,0.8,0.3,95.9,64.1,23.5
405365,414166,2018-01-22,경상북도,경주시,811,8.9,-0.1,9.0,,4.9,10.1,1.3,0.0,78.1,62.4,40.7
405366,414167,2018-01-23,경상북도,경주시,811,5.3,-7.6,12.9,,10.1,17.2,5.6,3.0,66.4,38.3,20.2
405367,414168,2018-01-24,경상북도,경주시,811,-4.0,-11.8,7.8,,8.1,17.1,5.2,2.7,45.5,30.0,20.4
405368,414169,2018-01-25,경상북도,경주시,811,-2.8,-13.7,10.9,,6.9,11.0,3.4,0.5,47.4,30.7,20.6
405369,414170,2018-01-26,경상북도,경주시,811,-2.8,-12.8,10.0,,7.1,11.6,4.2,1.8,40.4,30.9,19.2
405370,414171,2018-01-27,경상북도,경주시,811,4.2,-14.8,19.0,,3.7,6.4,1.3,0.3,67.3,36.9,12.4
405371,414172,2018-01-28,경상북도,경주시,811,4.3,-4.4,8.7,,6.9,12.0,3.0,0.1,50.2,33.6,21.7
405372,414173,2018-01-29,경상북도,경주시,811,0.5,-6.7,7.2,,8.2,13.9,4.6,1.1,50.1,33.0,24.1
405373,414174,2018-01-30,경상북도,경주시,811,2.4,-8.7,11.1,,8.4,14.3,3.5,0.3,66.8,42.2,24.1
405374,414175,2018-01-31,경상북도,경주시,811,6.6,-10.3,16.9,,4.0,10.9,1.1,0.3,81.4,52.6,31.8
405375,414176,2018-02-01,경상북도,경주시,811,7.1,-7.1,14.2,,4.1,5.8,1.4,0.1,55.4,34.9,17.0
405376,414177,2018-02-02,경상북도,경주시,811,5.7,-8.9,14.6,,3.8,6.5,1.1,0.1,74.4,43.9,18.1
405377,414178,2018-02-03,경상북도,경주시,811,1.8,-8.3,10.1,,8.1,13.7,3.1,0.0,65.8,41.4,20.0
405378,414179,2018-02-04,경상북도,경주시,811,-1.1,-8.5,7.4,,9.5,16.4,5.4,3.3,46.7,33.0,21.6
405379,414180,2018-02-05,경상북도,경주시,811,-0.7,-8.5,7.8,,8.7,15.1,5.4,2.6,43.9,31.4,19.5
405380,414181,2018-02-06,경상북도,경주시,811,-1.6,-10.0,8.4,,6.7,12.8,4.6,2.7,51.1,34.2,19.9
405381,414182,2018-02-07,경상북도,경주시,811,1.5,-10.6,12.1,,6.2,10.1,2.5,0.5,53.8,32.7,16.0
405382,414183,2018-02-08,경상북도,경주시,811,6.4,-12.0,18.4,,4.4,8.0,1.2,0.1,62.3,36.7,16.2
405384,414185,2018-02-10,경상북도,경주시,811,10.2,-1.4,11.6,,6.5,12.5,2.5,0.3,70.9,46.1,13.6
405385,414186,2018-02-11,경상북도,경주시,811,2.3,-5.9,8.2,,8.9,16.7,4.1,1.1,50.7,35.2,22.2
405386,414187,2018-02-12,경상북도,경주시,811,4.1,-6.3,10.4,,7.2,13.3,3.9,1.7,79.7,50.2,30.0
405387,414188,2018-02-13,경상북도,경주시,811,7.1,-6.1,13.2,,5.1,10.8,1.8,0.2,81.3,47.0,16.6
405388,414189,2018-02-14,경상북도,경주시,811,15.3,-8.6,23.9,,7.7,13.7,2.9,0.2,82.9,53.2,33.0
405389,414190,2018-02-15,경상북도,경주시,811,11.4,-3.7,15.1,,4.5,8.0,2.1,0.9,85.4,43.9,10.9
405390,414191,2018-02-16,경상북도,경주시,811,10.7,-6.4,17.1,,7.2,11.5,1.9,0.1,94.7,46.1,11.2
405391,414192,2018-02-17,경상북도,경주시,811,7.8,-1.8,9.6,,8.4,17.7,3.8,1.8,40.1,21.3,9.6
405392,414193,2018-02-18,경상북도,경주시,811,8.3,-3.4,11.7,,3.7,6.6,1.4,0.1,51.4,26.1,12.9
405394,414195,2018-02-20,경상북도,경주시,811,11.5,-6.4,17.9,,4.6,8.6,1.7,0.1,89.3,49.6,20.2
405395,414196,2018-02-21,경상북도,경주시,811,6.6,-5.8,12.4,,5.0,8.7,2.0,0.0,73.9,32.5,14.9
405396,414197,2018-02-22,경상북도,경주시,811,9.1,-8.4,17.5,,4.8,8.4,1.6,0.2,86.5,45.9,16.2
405397,414198,2018-02-23,경상북도,경주시,811,12.9,-7.4,20.3,,5.2,8.3,1.4,0.1,78.2,54.2,21.4
405398,414199,2018-02-24,경상북도,경주시,811,12.0,-2.8,14.8,,4.9,8.3,1.9,0.1,79.9,64.0,36.2
405399,414200,2018-02-25,경상북도,경주시,811,12.2,-1.8,14.0,,3.1,5.7,0.9,0.1,90.8,72.1,34.9
405400,414201,2018-02-26,경상북도,경주시,811,11.3,-4.7,16.0,,4.7,7.5,1.6,0.0,93.8,70.4,39.5
405401,414202,2018-02-27,경상북도,경주시,811,15.6,-5.1,20.7,,4.5,9.2,1.1,0.0,96.7,61.1,18.4
405402,414203,2018-02-28,경상북도,경주시,811,11.5,4.8,6.7,,4.7,9.5,1.9,0.3,96.7,82.9,60.4
405404,414205,2018-03-02,경상북도,경주시,811,13.3,-2.8,16.1,,6.1,10.4,2.1,0.7,76.0,43.7,13.9
405405,414206,2018-03-03,경상북도,경주시,811,19.1,-2.8,21.9,,4.2,6.4,1.3,0.2,89.0,63.2,27.2
405406,414207,2018-03-04,경상북도,경주시,811,20.2,1.7,18.5,,5.4,9.3,1.4,0.2,96.4,76.5,46.7
405407,414208,2018-03-05,경상북도,경주시,811,9.8,3.0,6.8,,8.4,16.3,4.9,2.1,96.8,87.1,68.2
405408,414209,2018-03-06,경상북도,경주시,811,9.4,2.2,7.2,,4.5,7.7,1.8,0.1,83.9,64.6,49.1
405409,414210,2018-03-07,경상북도,경주시,811,8.0,4.0,4.0,,4.4,7.3,2.0,1.0,94.4,70.0,61.5
405410,414211,2018-03-08,경상북도,경주시,811,4.0,0.4,3.6,,3.2,7.2,1.4,0.2,99.0,95.6,87.9
405411,414212,2018-03-09,경상북도,경주시,811,5.4,-1.4,6.8,,4.4,8.0,1.7,0.2,98.6,83.5,67.4
405412,414213,2018-03-10,경상북도,경주시,811,14.0,-2.3,16.3,,3.9,7.3,1.0,0.0,99.6,75.9,36.6
405413,414214,2018-03-11,경상북도,경주시,811,15.7,1.3,14.4,,5.5,10.9,1.9,0.5,84.6,53.4,29.1
405414,414215,2018-03-12,경상북도,경주시,811,20.7,-2.4,23.1,,5.0,8.1,1.5,0.0,98.7,63.6,20.0
405415,414216,2018-03-13,경상북도,경주시,811,22.4,0.0,22.4,,4.9,9.3,2.1,0.3,98.4,63.7,29.6
405416,414217,2018-03-14,경상북도,경주시,811,24.9,4.5,20.4,,4.6,8.0,1.8,0.4,96.7,62.2,28.4
405417,414218,2018-03-15,경상북도,경주시,811,16.7,6.2,10.5,,8.1,13.4,2.2,0.2,97.1,86.3,62.5
405418,414219,2018-03-16,경상북도,경주시,811,6.4,2.9,3.5,,7.6,15.0,4.5,1.4,88.7,65.6,51.4
405419,414220,2018-03-17,경상북도,경주시,811,14.1,-2.4,16.5,,4.1,6.5,1.6,0.0,93.6,64.6,33.9
405420,414221,2018-03-18,경상북도,경주시,811,18.4,-2.1,20.5,,3.2,5.3,1.1,0.1,98.7,74.4,35.8
405421,414222,2018-03-19,경상북도,경주시,811,10.7,4.3,6.4,,7.9,17.2,3.6,0.4,99.6,93.9,86.7
405422,414223,2018-03-20,경상북도,경주시,811,6.4,3.9,2.5,,9.2,17.0,5.5,2.7,79.9,62.3,54.3
405423,414224,2018-03-21,경상북도,경주시,811,4.0,0.7,3.3,,6.3,13.0,3.9,2.1,96.6,90.6,66.5
405424,414225,2018-03-22,경상북도,경주시,811,12.9,0.1,12.8,,4.9,8.0,2.3,0.5,96.1,66.5,22.3
405425,414226,2018-03-23,경상북도,경주시,811,16.5,-1.5,18.0,,3.8,6.8,1.3,0.5,97.9,65.6,19.0
405426,414227,2018-03-24,경상북도,경주시,811,17.8,0.9,16.9,,5.7,12.5,2.2,0.4,92.3,54.4,28.5
405427,414228,2018-03-25,경상북도,경주시,811,21.8,2.9,18.9,,5.1,9.3,2.0,0.3,89.8,45.8,18.7
405428,414229,2018-03-26,경상북도,경주시,811,23.2,3.5,19.7,,5.1,11.3,1.8,0.5,78.9,42.6,20.0
405429,414230,2018-03-27,경상북도,경주시,811,23.7,3.2,20.5,,5.1,10.3,2.0,0.4,91.5,54.8,27.9
405430,414231,2018-03-28,경상북도,경주시,811,25.4,4.4,21.0,,5.2,9.3,1.7,0.1,97.0,53.8,15.4
405431,414232,2018-03-29,경상북도,경주시,811,20.2,8.9,11.3,,6.0,10.9,2.4,0.2,78.7,64.7,45.1
405636,414437,2018-10-20,경상북도,경주시,811,20.5,2.6,17.9,,2.8,5.9,1.0,0.1,100.0,75.8,25.8
405775,414576,2019-03-08,경상북도,경주시,811,17.7,-3.0,20.7,,4.2,6.9,1.3,0.0,99.0,72.0,18.1
405776,414577,2019-03-09,경상북도,경주시,811,19.5,-2.0,21.5,,5.2,9.1,1.2,0.1,98.4,61.0,12.8
405856,414657,2019-05-28,경상북도,경주시,811,24.4,12.3,12.1,,5.8,10.3,2.6,0.6,82.4,55.1,31.6
405867,414668,2019-06-08,경상북도,경주시,811,24.3,15.7,8.6,,4.0,7.4,2.0,0.4,97.1,76.2,57.2
405927,414728,2019-08-07,경상북도,경주시,811,34.7,23.3,11.4,,4.1,7.1,2.1,0.1,98.2,79.5,55.1
405964,414765,2019-09-13,경상북도,경주시,811,26.5,15.4,11.1,,4.6,8.5,1.6,0.0,98.8,81.3,53.3
406185,414986,2020-04-21,경상북도,경주시,811,18.4,5.9,12.5,,8.3,15.8,3.8,0.4,75.3,36.4,15.3
406257,415058,2020-07-02,경상북도,경주시,811,28.1,16.4,11.7,,3.4,6.9,1.3,0.0,98.3,75.4,51.3
406343,415144,2020-09-26,경상북도,경주시,811,24.1,11.9,12.2,,5.2,9.5,2.0,0.3,97.2,77.8,56.2
406398,415199,2020-11-20,경상북도,경주시,811,13.4,4.7,8.7,,5.1,10.3,3.1,0.9,69.6,61.6,49.3
406464,415265,2021-01-25,경상북도,경주시,811,11.9,2.2,9.7,,4.0,6.9,1.2,0.0,97.5,77.5,53.1
406722,415523,2021-10-10,경상북도,경주시,811,31.1,18.9,12.2,,3.3,7.5,1.3,0.2,99.0,81.3,48.2
409721,418522,2023-11-30,경상북도,김천시,822,,,,,5.0,,2.8,1.9,63.0,63.0,63.0
414104,422905,2018-01-01,경상북도,영주시,837,4.0,-9.6,13.6,0.0,4.2,7.4,1.7,0.4,,,
414105,422906,2018-01-02,경상북도,영주시,837,4.4,-10.2,14.6,0.0,5.0,10.0,2.0,0.3,,,
414106,422907,2018-01-03,경상북도,영주시,837,3.3,-10.7,14.0,0.0,3.1,6.4,1.2,0.0,,,
414107,422908,2018-01-04,경상북도,영주시,837,3.1,-12.4,15.5,0.0,2.0,3.7,0.5,0.0,,,
414108,422909,2018-01-05,경상북도,영주시,837,6.0,-6.5,12.5,0.0,3.5,9.6,1.1,0.0,,,
414109,422910,2018-01-06,경상북도,영주시,837,5.1,-12.6,17.7,0.0,2.0,3.7,0.7,0.2,,,
414110,422911,2018-01-07,경상북도,영주시,837,2.5,-13.4,15.9,0.0,1.9,3.2,0.4,0.0,,,
414111,422912,2018-01-08,경상북도,영주시,837,2.1,-2.8,4.9,1.0,2.7,5.8,0.8,0.0,,,
414112,422913,2018-01-09,경상북도,영주시,837,0.1,-7.1,7.2,0.0,4.9,10.0,2.2,0.6,,,
414113,422914,2018-01-10,경상북도,영주시,837,-2.6,-10.2,7.6,0.5,5.1,10.4,2.1,0.2,,,
414114,422915,2018-01-11,경상북도,영주시,837,-5.0,-12.8,7.8,0.0,4.3,7.4,2.2,1.3,,,
414115,422916,2018-01-12,경상북도,영주시,837,-4.0,-20.0,16.0,0.0,4.2,7.5,1.3,0.2,,,
414116,422917,2018-01-13,경상북도,영주시,837,0.0,-14.3,14.3,0.0,3.1,5.0,0.9,0.1,,,
414117,422918,2018-01-14,경상북도,영주시,837,5.4,-14.3,19.7,0.0,2.3,4.9,0.6,0.0,,,
414118,422919,2018-01-15,경상북도,영주시,837,10.2,-5.5,15.7,0.0,3.4,8.1,0.9,0.1,,,
414119,422920,2018-01-16,경상북도,영주시,837,7.2,-5.8,13.0,0.5,2.4,5.0,0.4,0.0,,,
414120,422921,2018-01-17,경상북도,영주시,837,5.5,-0.5,6.0,7.5,1.7,3.9,0.4,0.0,,,
414121,422922,2018-01-18,경상북도,영주시,837,7.7,-2.0,9.7,0.0,3.2,6.0,1.0,0.0,,,
414122,422923,2018-01-19,경상북도,영주시,837,7.1,-6.3,13.4,0.0,2.2,4.3,0.6,0.1,,,
414123,422924,2018-01-20,경상북도,영주시,837,5.7,-9.0,14.7,0.0,2.6,5.4,0.6,0.0,,,
414124,422925,2018-01-21,경상북도,영주시,837,8.0,-8.3,16.3,0.0,1.9,3.4,0.5,0.1,,,
414125,422926,2018-01-22,경상북도,영주시,837,7.2,-3.5,10.7,0.5,4.1,9.8,0.7,0.1,,,
414126,422927,2018-01-23,경상북도,영주시,837,0.1,-12.0,12.1,0.0,5.9,13.6,3.5,1.7,,,
414127,422928,2018-01-24,경상북도,영주시,837,-8.8,-17.6,8.8,0.0,6.4,12.9,3.6,0.7,,,
414128,422929,2018-01-25,경상북도,영주시,837,-5.5,-20.6,15.1,0.0,3.2,7.3,1.4,0.1,,,
414129,422930,2018-01-26,경상북도,영주시,837,-6.1,-19.9,13.8,0.0,2.6,5.2,1.0,0.0,,,
414130,422931,2018-01-27,경상북도,영주시,837,-0.2,-21.5,21.3,0.0,2.2,4.2,0.7,0.1,,,
414131,422932,2018-01-28,경상북도,영주시,837,0.6,-8.3,8.9,0.0,4.8,10.6,1.9,0.1,,,
414132,422933,2018-01-29,경상북도,영주시,837,-3.4,-10.4,7.0,0.0,5.3,10.9,2.7,1.0,,,
414133,422934,2018-01-30,경상북도,영주시,837,0.2,-17.1,17.3,0.0,4.1,7.9,1.3,0.1,,,
414134,422935,2018-01-31,경상북도,영주시,837,2.7,-4.3,7.0,0.0,3.8,7.7,1.8,0.1,,,
414135,422936,2018-02-01,경상북도,영주시,837,5.6,-13.1,18.7,0.0,2.5,4.4,0.7,0.0,,,
414136,422937,2018-02-02,경상북도,영주시,837,5.1,-15.1,20.2,0.0,3.0,5.2,0.8,0.1,,,
414137,422938,2018-02-03,경상북도,영주시,837,-1.7,-12.8,11.1,0.0,4.7,9.2,2.1,0.3,,,
414138,422939,2018-02-04,경상북도,영주시,837,-3.7,-15.0,11.3,0.0,4.0,8.2,2.2,0.6,,,
414139,422940,2018-02-05,경상북도,영주시,837,-3.7,-15.0,11.3,0.0,4.7,8.6,2.8,1.8,,,
414140,422941,2018-02-06,경상북도,영주시,837,-4.2,-16.1,11.9,0.0,5.1,8.3,2.2,0.9,,,
414141,422942,2018-02-07,경상북도,영주시,837,-0.4,-21.0,20.6,0.0,3.5,6.2,1.2,0.3,,,
414142,422943,2018-02-08,경상북도,영주시,837,3.7,-18.3,22.0,0.0,2.3,4.2,0.6,0.1,,,
414143,422944,2018-02-09,경상북도,영주시,837,8.8,-12.5,21.3,0.0,3.2,6.7,0.9,0.1,,,
414144,422945,2018-02-10,경상북도,영주시,837,7.0,-5.8,12.8,0.0,5.9,11.3,1.7,0.2,,,
414145,422946,2018-02-11,경상북도,영주시,837,-1.3,-8.7,7.4,0.0,4.6,9.3,2.6,0.8,,,
414146,422947,2018-02-12,경상북도,영주시,837,-0.8,-9.8,9.0,0.0,5.4,11.8,2.9,0.7,,,
414147,422948,2018-02-13,경상북도,영주시,837,4.8,-7.9,12.7,0.0,4.0,8.6,1.8,0.2,,,
414148,422949,2018-02-14,경상북도,영주시,837,12.1,-10.5,22.6,0.0,4.7,9.4,1.0,0.1,,,
414149,422950,2018-02-15,경상북도,영주시,837,9.6,-6.3,15.9,0.0,3.3,5.9,1.1,0.3,,,
414150,422951,2018-02-16,경상북도,영주시,837,8.1,-10.1,18.2,0.0,5.1,9.6,1.6,0.2,,,
414151,422952,2018-02-17,경상북도,영주시,837,4.1,-5.5,9.6,0.0,4.7,11.3,2.9,0.8,,,
414152,422953,2018-02-18,경상북도,영주시,837,5.7,-7.2,12.9,0.0,2.0,3.8,0.6,0.0,,,
414153,422954,2018-02-19,경상북도,영주시,837,10.8,-6.6,17.4,0.0,2.8,6.2,1.0,0.0,,,
414154,422955,2018-02-20,경상북도,영주시,837,8.9,-9.5,18.4,0.0,4.2,7.8,1.6,0.2,,,
414155,422956,2018-02-21,경상북도,영주시,837,6.6,-7.9,14.5,0.0,2.9,6.0,1.3,0.2,,,
414156,422957,2018-02-22,경상북도,영주시,837,7.4,-12.1,19.5,0.0,2.8,5.4,0.9,0.3,,,
414157,422958,2018-02-23,경상북도,영주시,837,8.4,-7.7,16.1,1.0,3.9,7.6,1.3,0.1,,,
414158,422959,2018-02-24,경상북도,영주시,837,12.4,0.7,11.7,0.0,2.5,5.9,1.3,0.3,,,
414159,422960,2018-02-25,경상북도,영주시,837,11.4,-4.0,15.4,0.0,2.7,6.3,0.8,0.1,,,
414160,422961,2018-02-26,경상북도,영주시,837,12.9,-9.4,22.3,0.0,2.4,4.5,0.7,0.0,,,
414161,422962,2018-02-27,경상북도,영주시,837,14.5,-7.7,22.2,0.0,2.1,3.9,0.6,0.0,,,
414162,422963,2018-02-28,경상북도,영주시,837,6.2,0.1,6.1,12.5,3.2,8.0,1.2,0.0,,,
414163,422964,2018-03-01,경상북도,영주시,837,6.2,-3.7,9.9,0.5,5.4,12.4,3.3,0.7,,,
414164,422965,2018-03-02,경상북도,영주시,837,8.8,-9.9,18.7,0.0,2.6,5.8,0.9,0.1,,,
414165,422966,2018-03-03,경상북도,영주시,837,16.7,-6.7,23.4,0.0,3.0,5.0,0.8,0.0,,,
414166,422967,2018-03-04,경상북도,영주시,837,21.8,-0.9,22.7,17.0,3.3,7.1,1.1,0.1,,,
414167,422968,2018-03-05,경상북도,영주시,837,8.9,0.8,8.1,17.5,5.0,10.1,1.4,0.2,,,
414168,422969,2018-03-06,경상북도,영주시,837,13.0,-4.1,17.1,0.0,4.5,8.3,0.8,0.0,,,
414169,422970,2018-03-07,경상북도,영주시,837,6.3,-0.4,6.7,2.0,3.6,6.8,0.8,0.0,,,
414170,422971,2018-03-08,경상북도,영주시,837,5.4,-0.6,6.0,6.5,2.0,5.7,0.5,0.0,,,
414171,422972,2018-03-09,경상북도,영주시,837,8.2,-3.0,11.2,0.0,3.4,5.4,0.9,0.0,,,
414172,422973,2018-03-10,경상북도,영주시,837,12.5,-2.4,14.9,0.0,3.0,6.0,1.1,0.0,,,
414173,422974,2018-03-11,경상북도,영주시,837,14.1,-3.4,17.5,0.0,3.9,7.6,1.4,0.2,,,
414174,422975,2018-03-12,경상북도,영주시,837,18.1,-4.1,22.2,0.0,3.1,5.9,0.9,0.1,,,
414175,422976,2018-03-13,경상북도,영주시,837,22.3,-2.5,24.8,0.0,4.7,8.9,1.2,0.1,,,
414176,422977,2018-03-14,경상북도,영주시,837,24.6,1.7,22.9,0.0,2.7,5.8,0.8,0.0,,,
414177,422978,2018-03-15,경상북도,영주시,837,13.7,5.3,8.4,4.5,4.1,9.5,0.4,0.0,,,
414178,422979,2018-03-16,경상북도,영주시,837,8.3,-4.6,12.9,0.5,3.9,8.3,1.9,0.1,,,
414179,422980,2018-03-17,경상북도,영주시,837,13.9,-7.1,21.0,0.0,2.1,4.7,0.7,0.0,,,
414180,422981,2018-03-18,경상북도,영주시,837,12.8,-1.2,14.0,1.0,2.5,5.1,0.7,0.0,,,
414181,422982,2018-03-19,경상북도,영주시,837,8.3,2.7,5.6,26.0,3.9,8.5,1.6,0.0,,,
414182,422983,2018-03-20,경상북도,영주시,837,9.0,0.3,8.7,0.0,5.2,12.0,2.9,1.7,,,
414183,422984,2018-03-21,경상북도,영주시,837,6.6,-1.2,7.8,1.5,2.8,8.4,1.1,0.1,,,
414184,422985,2018-03-22,경상북도,영주시,837,14.9,-1.0,15.9,0.0,3.5,6.2,1.3,0.3,,,
414185,422986,2018-03-23,경상북도,영주시,837,15.8,-3.8,19.6,0.0,2.9,5.9,1.1,0.2,,,
414186,422987,2018-03-24,경상북도,영주시,837,15.8,-1.7,17.5,0.0,4.4,8.4,1.3,0.3,,,
414187,422988,2018-03-25,경상북도,영주시,837,19.8,-0.7,20.5,0.0,4.6,8.9,1.6,0.2,,,
414188,422989,2018-03-26,경상북도,영주시,837,22.4,-1.0,23.4,0.0,3.3,7.1,1.3,0.1,,,
414189,422990,2018-03-27,경상북도,영주시,837,23.5,0.8,22.7,0.0,3.8,7.6,1.1,0.2,,,
414190,422991,2018-03-28,경상북도,영주시,837,24.5,4.0,20.5,0.0,3.3,6.9,1.4,0.1,,,
414191,422992,2018-03-29,경상북도,영주시,837,23.4,6.5,16.9,0.0,4.2,6.6,1.3,0.0,,,
414192,422993,2018-03-30,경상북도,영주시,837,20.7,2.6,18.1,0.0,3.9,6.5,1.2,0.1,,,
414193,422994,2018-03-31,경상북도,영주시,837,23.2,1.1,22.1,0.0,2.5,5.5,1.1,0.1,,,
414194,422995,2018-04-01,경상북도,영주시,837,23.5,6.8,16.7,0.0,4.0,7.5,0.9,0.2,,,
414195,422996,2018-04-02,경상북도,영주시,837,26.8,8.0,18.8,0.0,3.3,6.5,1.3,0.1,,,
414196,422997,2018-04-03,경상북도,영주시,837,26.6,7.8,18.8,0.0,2.9,5.7,1.0,0.2,,,
414197,422998,2018-04-04,경상북도,영주시,837,18.1,5.2,12.9,22.0,3.9,9.0,1.2,0.0,,,
414198,422999,2018-04-05,경상북도,영주시,837,5.9,4.3,1.6,18.5,1.4,3.8,0.4,0.1,,,
414199,423000,2018-04-06,경상북도,영주시,837,14.2,2.9,11.3,18.5,6.5,12.7,1.9,0.0,,,
414200,423001,2018-04-07,경상북도,영주시,837,8.7,0.2,8.5,0.0,5.3,12.6,2.5,0.3,,,
414201,423002,2018-04-08,경상북도,영주시,837,12.3,-1.0,13.3,0.0,4.4,9.3,2.2,0.3,,,
414202,423003,2018-04-09,경상북도,영주시,837,18.2,3.4,14.8,0.0,3.0,7.1,1.3,0.3,,,
414203,423004,2018-04-10,경상북도,영주시,837,22.6,-0.7,23.3,0.0,4.2,8.0,1.4,0.1,,,
414204,423005,2018-04-11,경상북도,영주시,837,21.6,8.9,12.7,8.5,5.1,9.7,1.9,0.6,,,
414205,423006,2018-04-12,경상북도,영주시,837,21.8,0.7,21.1,0.0,6.1,13.9,2.3,0.2,,,
414206,423007,2018-04-13,경상북도,영주시,837,20.8,2.4,18.4,0.0,5.0,7.6,1.6,0.2,,,
414207,423008,2018-04-14,경상북도,영주시,837,10.3,5.3,5.0,29.0,3.9,8.9,0.8,0.1,,,
414208,423009,2018-04-15,경상북도,영주시,837,15.9,7.0,8.9,0.0,3.9,7.7,2.3,1.1,,,
414209,423010,2018-04-16,경상북도,영주시,837,20.1,1.0,19.1,0.0,4.1,6.8,1.2,0.1,,,
414210,423011,2018-04-17,경상북도,영주시,837,22.3,3.5,18.8,0.0,3.0,5.8,0.9,0.0,,,
414211,423012,2018-04-18,경상북도,영주시,837,24.5,1.9,22.6,0.0,3.0,6.0,1.2,0.2,,,
414212,423013,2018-04-19,경상북도,영주시,837,26.5,1.5,25.0,0.0,3.3,8.1,1.5,0.1,,,
414213,423014,2018-04-20,경상북도,영주시,837,29.5,6.1,23.4,0.0,2.4,4.9,0.9,0.1,,,
414214,423015,2018-04-21,경상북도,영주시,837,31.6,6.9,24.7,0.0,3.7,7.3,1.0,0.1,,,
414215,423016,2018-04-22,경상북도,영주시,837,23.8,7.8,16.0,0.0,3.9,10.1,1.4,0.1,,,
414216,423017,2018-04-23,경상북도,영주시,837,12.3,8.1,4.2,35.5,3.5,8.4,1.6,0.0,,,
414217,423018,2018-04-24,경상북도,영주시,837,15.8,4.4,11.4,17.0,2.6,5.1,0.6,0.0,,,
414218,423019,2018-04-25,경상북도,영주시,837,23.3,-0.5,23.8,0.0,2.7,5.4,0.8,0.1,,,
414219,423020,2018-04-26,경상북도,영주시,837,25.1,2.3,22.8,0.0,3.1,8.0,1.2,0.0,,,
414220,423021,2018-04-27,경상북도,영주시,837,25.3,6.3,19.0,0.0,2.7,6.0,1.0,0.1,,,
414221,423022,2018-04-28,경상북도,영주시,837,27.5,4.5,23.0,0.0,2.8,6.6,1.1,0.1,,,
414222,423023,2018-04-29,경상북도,영주시,837,27.4,3.9,23.5,0.0,3.5,6.5,1.2,0.2,,,
414223,423024,2018-04-30,경상북도,영주시,837,28.5,7.2,21.3,0.0,2.9,5.1,0.8,0.1,,,
414224,423025,2018-05-01,경상북도,영주시,837,26.3,9.3,17.0,3.5,2.8,5.6,0.9,0.1,,,
414225,423026,2018-05-02,경상북도,영주시,837,17.3,10.6,6.7,31.0,3.3,7.4,0.8,0.0,,,
414226,423027,2018-05-03,경상북도,영주시,837,17.7,4.1,13.6,2.0,6.0,13.2,2.6,0.8,,,
414227,423028,2018-05-04,경상북도,영주시,837,21.6,2.2,19.4,0.0,6.2,12.9,2.0,0.2,,,
414228,423029,2018-05-05,경상북도,영주시,837,26.0,4.9,21.1,0.0,2.4,5.0,1.0,0.3,,,
414229,423030,2018-05-06,경상북도,영주시,837,16.2,11.7,4.5,21.5,1.3,3.6,0.4,0.0,,,
414230,423031,2018-05-07,경상북도,영주시,837,20.2,11.9,8.3,0.0,2.3,4.9,0.6,0.0,,,
414231,423032,2018-05-08,경상북도,영주시,837,20.3,5.6,14.7,0.0,2.9,7.6,1.2,0.0,,,
414232,423033,2018-05-09,경상북도,영주시,837,20.7,2.6,18.1,0.0,4.4,7.2,0.9,0.1,,,
414233,423034,2018-05-10,경상북도,영주시,837,24.6,8.8,15.8,0.0,2.9,6.7,1.1,0.0,,,
414234,423035,2018-05-11,경상북도,영주시,837,25.8,6.0,19.8,0.0,2.8,5.6,0.9,0.0,,,
414235,423036,2018-05-12,경상북도,영주시,837,15.1,11.8,3.3,15.5,1.2,2.5,0.3,0.0,,,
414236,423037,2018-05-13,경상북도,영주시,837,24.7,11.4,13.3,2.5,2.9,6.5,0.9,0.1,,,
414237,423038,2018-05-14,경상북도,영주시,837,28.2,8.8,19.4,0.0,2.6,5.7,0.9,0.0,,,
414238,423039,2018-05-15,경상북도,영주시,837,31.3,12.4,18.9,0.0,2.2,4.2,0.6,0.0,,,
414239,423040,2018-05-16,경상북도,영주시,837,22.9,17.8,5.1,0.5,1.1,2.9,0.2,0.0,,,
414240,423041,2018-05-17,경상북도,영주시,837,30.4,20.7,9.7,0.0,2.4,5.2,0.8,0.0,,,
414241,423042,2018-05-18,경상북도,영주시,837,24.1,11.3,12.8,13.0,2.8,6.2,1.3,0.2,,,
414242,423043,2018-05-19,경상북도,영주시,837,22.9,6.6,16.3,0.0,3.8,7.8,1.3,0.0,,,
414243,423044,2018-05-20,경상북도,영주시,837,23.3,3.6,19.7,0.0,3.5,9.0,1.3,0.1,,,
414244,423045,2018-05-21,경상북도,영주시,837,22.1,3.7,18.4,0.0,2.5,5.5,0.7,0.2,,,
414245,423046,2018-05-22,경상북도,영주시,837,24.7,7.9,16.8,2.5,2.0,4.6,0.6,0.0,,,
414246,423047,2018-05-23,경상북도,영주시,837,26.1,12.0,14.1,10.5,3.1,6.7,1.1,0.0,,,
414247,423048,2018-05-24,경상북도,영주시,837,28.0,7.4,20.6,0.0,2.8,5.9,1.1,0.0,,,
414248,423049,2018-05-25,경상북도,영주시,837,28.2,9.3,18.9,0.0,2.5,6.0,0.9,0.1,,,
414249,423050,2018-05-26,경상북도,영주시,837,30.3,8.5,21.8,0.0,2.4,6.1,0.8,0.1,,,
414250,423051,2018-05-27,경상북도,영주시,837,26.4,11.9,14.5,0.0,1.7,3.7,0.6,0.1,,,
414251,423052,2018-05-28,경상북도,영주시,837,29.9,11.9,18.0,0.0,3.1,5.6,0.8,0.0,,,
414252,423053,2018-05-29,경상북도,영주시,837,28.8,14.9,13.9,0.0,2.5,5.6,0.9,0.0,,,
414253,423054,2018-05-30,경상북도,영주시,837,27.8,14.5,13.3,0.5,2.7,7.0,0.9,0.0,,,
414254,423055,2018-05-31,경상북도,영주시,837,29.3,10.1,19.2,0.0,2.4,6.5,0.9,0.1,,,
414255,423056,2018-06-01,경상북도,영주시,837,33.2,10.2,23.0,0.0,2.5,5.2,0.8,0.1,,,
414256,423057,2018-06-02,경상북도,영주시,837,34.0,14.0,20.0,0.0,2.4,6.9,1.0,0.1,,,
414257,423058,2018-06-03,경상북도,영주시,837,32.3,12.0,20.3,0.0,2.7,5.4,0.9,0.1,,,
414258,423059,2018-06-04,경상북도,영주시,837,30.9,11.0,19.9,0.0,3.2,6.7,0.9,0.1,,,
414259,423060,2018-06-05,경상북도,영주시,837,26.2,16.5,9.7,2.5,1.7,3.9,0.5,0.0,,,
414260,423061,2018-06-06,경상북도,영주시,837,32.4,14.4,18.0,0.0,2.4,4.4,0.8,0.1,,,
414261,423062,2018-06-07,경상북도,영주시,837,33.4,15.6,17.8,0.0,2.3,4.7,0.8,0.1,,,
414262,423063,2018-06-08,경상북도,영주시,837,30.8,16.0,14.8,0.0,3.2,6.2,0.9,0.0,,,
414263,423064,2018-06-09,경상북도,영주시,837,27.9,15.5,12.4,0.0,4.0,7.8,1.3,0.1,,,
414264,423065,2018-06-10,경상북도,영주시,837,23.0,15.9,7.1,0.0,2.6,6.9,1.3,0.7,,,
414265,423066,2018-06-11,경상북도,영주시,837,21.1,14.8,6.3,0.0,1.6,3.3,0.5,0.1,,,
414266,423067,2018-06-12,경상북도,영주시,837,27.2,14.4,12.8,0.0,2.6,5.9,0.9,0.2,,,
414267,423068,2018-06-13,경상북도,영주시,837,27.3,14.9,12.4,0.0,2.5,5.4,0.9,0.1,,,
414268,423069,2018-06-14,경상북도,영주시,837,22.7,15.5,7.2,0.0,3.8,7.4,1.1,0.0,,,
414269,423070,2018-06-15,경상북도,영주시,837,26.7,11.4,15.3,0.0,3.1,7.8,1.2,0.1,,,
414270,423071,2018-06-16,경상북도,영주시,837,26.9,8.7,18.2,0.0,3.0,5.5,0.8,0.0,,,
414271,423072,2018-06-17,경상북도,영주시,837,29.2,10.3,18.9,0.0,1.9,3.5,0.5,0.0,,,
414272,423073,2018-06-18,경상북도,영주시,837,34.2,16.1,18.1,0.0,2.1,4.9,0.7,0.1,,,
414273,423074,2018-06-19,경상북도,영주시,837,25.2,15.5,9.7,0.0,2.7,5.9,0.8,0.0,,,
414274,423075,2018-06-20,경상북도,영주시,837,30.7,14.6,16.1,0.0,2.7,6.4,0.9,0.1,,,
414275,423076,2018-06-21,경상북도,영주시,837,31.3,15.1,16.2,0.0,2.9,7.2,1.2,0.2,,,
414276,423077,2018-06-22,경상북도,영주시,837,34.5,13.0,21.5,0.0,2.9,5.5,0.9,0.1,,,
414277,423078,2018-06-23,경상북도,영주시,837,31.8,16.6,15.2,0.0,2.7,6.6,0.9,0.2,,,
414278,423079,2018-06-24,경상북도,영주시,837,35.6,15.3,20.3,0.0,3.0,6.6,1.1,0.0,,,
414279,423080,2018-06-25,경상북도,영주시,837,33.6,15.4,18.2,0.0,1.8,3.8,0.7,0.2,,,
414280,423081,2018-06-26,경상북도,영주시,837,22.6,18.6,4.0,39.5,2.3,4.5,0.3,0.0,,,
414281,423082,2018-06-27,경상북도,영주시,837,31.8,20.4,11.4,4.0,3.8,7.8,1.6,0.2,,,
414282,423083,2018-06-28,경상북도,영주시,837,26.5,18.8,7.7,0.0,2.4,5.8,0.7,0.1,,,
414283,423084,2018-06-29,경상북도,영주시,837,31.3,20.4,10.9,0.0,2.3,5.5,0.7,0.0,,,
414284,423085,2018-06-30,경상북도,영주시,837,26.2,20.2,6.0,0.5,1.6,3.8,0.3,0.0,,,
414285,423086,2018-07-01,경상북도,영주시,837,25.3,19.1,6.2,98.5,2.9,7.7,0.3,0.0,,,
414286,423087,2018-07-02,경상북도,영주시,837,22.7,19.5,3.2,82.0,2.6,6.3,0.4,0.0,,,
414287,423088,2018-07-03,경상북도,영주시,837,28.7,20.8,7.9,3.5,2.0,5.4,0.7,0.0,,,
414288,423089,2018-07-04,경상북도,영주시,837,33.0,21.0,12.0,2.5,4.2,7.4,0.9,0.0,,,
414289,423090,2018-07-05,경상북도,영주시,837,26.7,19.8,6.9,2.0,1.8,4.5,0.3,0.0,,,
414290,423091,2018-07-06,경상북도,영주시,837,27.9,17.0,10.9,0.5,2.4,7.7,1.0,0.0,,,
414291,423092,2018-07-07,경상북도,영주시,837,27.9,13.4,14.5,0.0,2.7,5.6,0.8,0.0,,,
414292,423093,2018-07-08,경상북도,영주시,837,25.1,11.5,13.6,0.0,1.5,3.8,0.5,0.0,,,
414293,423094,2018-07-09,경상북도,영주시,837,19.0,17.6,1.4,15.5,0.9,2.7,0.1,0.0,,,
414294,423095,2018-07-10,경상북도,영주시,837,28.9,17.6,11.3,1.0,1.1,2.3,0.2,0.0,,,
414295,423096,2018-07-11,경상북도,영주시,837,30.8,22.1,8.7,0.0,1.1,2.7,0.1,0.0,,,
414296,423097,2018-07-12,경상북도,영주시,837,32.5,23.3,9.2,0.0,1.4,3.3,0.3,0.0,,,
414297,423098,2018-07-13,경상북도,영주시,837,34.0,21.7,12.3,0.0,2.7,5.6,0.7,0.0,,,
414298,423099,2018-07-14,경상북도,영주시,837,34.3,20.7,13.6,0.0,2.6,5.2,0.8,0.0,,,
414299,423100,2018-07-15,경상북도,영주시,837,35.9,20.5,15.4,0.0,2.3,4.4,0.7,0.0,,,
414300,423101,2018-07-16,경상북도,영주시,837,35.6,20.2,15.4,0.0,2.0,5.0,0.7,0.0,,,
414301,423102,2018-07-17,경상북도,영주시,837,34.5,21.7,12.8,0.0,2.4,5.6,0.8,0.0,,,
414302,423103,2018-07-18,경상북도,영주시,837,34.9,19.6,15.3,0.0,2.2,4.7,0.6,0.0,,,
414303,423104,2018-07-19,경상북도,영주시,837,36.2,21.2,15.0,0.0,1.8,4.1,0.6,0.0,,,
414304,423105,2018-07-20,경상북도,영주시,837,36.7,20.4,16.3,0.0,2.2,4.4,0.7,0.0,,,
414305,423106,2018-07-21,경상북도,영주시,837,37.0,22.4,14.6,0.0,2.6,4.5,0.6,0.0,,,
414306,423107,2018-07-22,경상북도,영주시,837,36.1,23.0,13.1,0.0,3.5,7.0,0.9,0.0,,,
414307,423108,2018-07-23,경상북도,영주시,837,36.5,23.1,13.4,0.0,2.0,4.2,0.4,0.0,,,
414308,423109,2018-07-24,경상북도,영주시,837,37.5,23.5,14.0,0.0,2.2,4.9,0.6,0.0,,,
414309,423110,2018-07-25,경상북도,영주시,837,36.9,23.8,13.1,0.0,2.7,4.7,0.6,0.0,,,
414310,423111,2018-07-26,경상북도,영주시,837,37.4,23.3,14.1,0.0,2.5,5.3,0.6,0.0,,,
414311,423112,2018-07-27,경상북도,영주시,837,39.1,23.3,15.8,18.0,4.4,9.0,0.6,0.0,,,
414312,423113,2018-07-28,경상북도,영주시,837,35.4,23.2,12.2,0.0,1.9,5.1,0.6,0.0,,,
414313,423114,2018-07-29,경상북도,영주시,837,35.2,21.6,13.6,0.0,2.6,7.4,0.8,0.0,,,
414314,423115,2018-07-30,경상북도,영주시,837,35.8,22.2,13.6,0.0,2.4,6.6,0.9,0.1,,,
414315,423116,2018-07-31,경상북도,영주시,837,37.6,20.0,17.6,0.0,2.2,4.3,0.6,0.0,,,
414316,423117,2018-08-01,경상북도,영주시,837,39.3,20.5,18.8,0.0,2.8,5.1,0.8,0.0,,,
414317,423118,2018-08-02,경상북도,영주시,837,39.0,20.4,18.6,0.0,2.5,5.2,0.7,0.0,,,
414318,423119,2018-08-03,경상북도,영주시,837,38.1,22.1,16.0,0.0,2.9,6.0,0.8,0.0,,,
414319,423120,2018-08-04,경상북도,영주시,837,38.6,22.8,15.8,0.0,2.7,6.1,1.1,0.1,,,
414320,423121,2018-08-05,경상북도,영주시,837,37.4,22.1,15.3,0.0,2.9,6.2,1.0,0.0,,,
414321,423122,2018-08-06,경상북도,영주시,837,34.2,23.7,10.5,0.0,2.6,6.3,0.6,0.0,,,
414322,423123,2018-08-07,경상북도,영주시,837,34.9,22.9,12.0,0.0,2.3,4.7,0.7,0.0,,,
414323,423124,2018-08-08,경상북도,영주시,837,38.5,22.2,16.3,0.0,2.4,7.2,0.8,0.0,,,
414324,423125,2018-08-09,경상북도,영주시,837,34.8,23.6,11.2,17.0,2.6,5.4,0.8,0.0,,,
414325,423126,2018-08-10,경상북도,영주시,837,31.9,23.2,8.7,6.5,2.6,5.1,0.6,0.0,,,
414326,423127,2018-08-11,경상북도,영주시,837,31.5,21.4,10.1,0.0,2.4,4.5,0.6,0.0,,,
414327,423128,2018-08-12,경상북도,영주시,837,32.5,21.1,11.4,0.0,1.5,3.4,0.3,0.0,,,
414328,423129,2018-08-13,경상북도,영주시,837,36.7,22.8,13.9,0.0,2.4,4.7,0.5,0.0,,,
414329,423130,2018-08-14,경상북도,영주시,837,37.5,23.6,13.9,0.5,1.9,5.1,0.6,0.0,,,
414330,423131,2018-08-15,경상북도,영주시,837,37.5,22.0,15.5,0.0,3.2,7.6,0.9,0.0,,,
414331,423132,2018-08-16,경상북도,영주시,837,32.5,20.0,12.5,0.0,2.9,7.4,1.0,0.2,,,
414332,423133,2018-08-17,경상북도,영주시,837,31.5,14.9,16.6,0.0,2.7,8.0,0.9,0.0,,,
414333,423134,2018-08-18,경상북도,영주시,837,30.8,14.8,16.0,0.0,2.6,5.1,0.8,0.0,,,
414334,423135,2018-08-19,경상북도,영주시,837,33.1,15.4,17.7,0.0,2.1,4.0,0.4,0.0,,,
414335,423136,2018-08-20,경상북도,영주시,837,34.3,16.6,17.7,0.0,3.0,6.3,0.8,0.0,,,
414336,423137,2018-08-21,경상북도,영주시,837,34.3,18.6,15.7,0.0,3.1,6.0,0.8,0.0,,,
414337,423138,2018-08-22,경상북도,영주시,837,37.6,19.9,17.7,0.0,4.8,9.5,1.0,0.0,,,
414338,423139,2018-08-23,경상북도,영주시,837,31.9,24.1,7.8,0.0,2.6,7.0,1.2,0.2,,,
414339,423140,2018-08-24,경상북도,영주시,837,27.1,22.4,4.7,26.0,5.2,9.6,2.0,0.2,,,
414340,423141,2018-08-25,경상북도,영주시,837,28.4,18.0,10.4,0.0,2.4,5.2,0.8,0.0,,,
414341,423142,2018-08-26,경상북도,영주시,837,21.6,18.4,3.2,14.0,0.9,2.4,0.3,0.0,,,
414342,423143,2018-08-27,경상북도,영주시,837,24.5,18.5,6.0,33.5,1.2,2.5,0.3,0.1,,,
414343,423144,2018-08-28,경상북도,영주시,837,24.4,21.4,3.0,54.0,1.1,3.3,0.3,0.0,,,
414344,423145,2018-08-29,경상북도,영주시,837,32.1,21.4,10.7,0.5,3.0,6.3,0.7,0.0,,,
414345,423146,2018-08-30,경상북도,영주시,837,31.4,22.6,8.8,9.0,3.2,6.2,0.8,0.0,,,
414346,423147,2018-08-31,경상북도,영주시,837,25.7,18.1,7.6,78.5,2.7,6.6,0.6,0.0,,,
414347,423148,2018-09-01,경상북도,영주시,837,28.6,15.5,13.1,0.0,2.9,7.8,0.8,0.0,,,
414348,423149,2018-09-02,경상북도,영주시,837,27.4,13.2,14.2,0.5,2.6,4.7,0.5,0.0,,,
414349,423150,2018-09-03,경상북도,영주시,837,23.1,18.9,4.2,11.5,0.8,2.2,0.1,0.0,,,
414350,423151,2018-09-04,경상북도,영주시,837,28.5,19.0,9.5,82.0,3.8,7.6,1.4,0.3,,,
414351,423152,2018-09-05,경상북도,영주시,837,27.9,15.0,12.9,0.0,3.9,10.0,1.7,0.0,,,
414352,423153,2018-09-06,경상북도,영주시,837,25.3,13.7,11.6,0.0,3.1,7.1,0.4,0.0,,,
414353,423154,2018-09-07,경상북도,영주시,837,25.6,15.2,10.4,1.5,2.7,5.3,1.0,0.2,,,
414354,423155,2018-09-08,경상북도,영주시,837,26.3,11.5,14.8,0.0,2.2,5.1,0.5,0.0,,,
414355,423156,2018-09-09,경상북도,영주시,837,29.0,10.7,18.3,0.0,2.4,5.7,0.7,0.0,,,
414356,423157,2018-09-10,경상북도,영주시,837,26.9,11.2,15.7,0.0,2.1,6.7,0.7,0.0,,,
414357,423158,2018-09-11,경상북도,영주시,837,26.0,8.4,17.6,0.0,2.9,7.4,0.9,0.0,,,
414358,423159,2018-09-12,경상북도,영주시,837,27.4,12.4,15.0,0.0,3.5,5.9,0.6,0.0,,,
414359,423160,2018-09-13,경상북도,영주시,837,22.0,14.6,7.4,0.0,1.3,2.8,0.2,0.0,,,
414360,423161,2018-09-14,경상북도,영주시,837,22.1,16.3,5.8,8.5,1.3,3.5,0.5,0.0,,,
414361,423162,2018-09-15,경상북도,영주시,837,23.0,18.2,4.8,1.5,1.0,3.2,0.2,0.0,,,
414362,423163,2018-09-16,경상북도,영주시,837,24.9,18.5,6.4,0.0,1.2,2.9,0.4,0.0,,,
414363,423164,2018-09-17,경상북도,영주시,837,28.2,14.2,14.0,0.0,2.2,4.3,0.6,0.0,,,
414364,423165,2018-09-18,경상북도,영주시,837,27.3,11.8,15.5,0.0,1.8,3.7,0.4,0.0,,,
414365,423166,2018-09-19,경상북도,영주시,837,25.9,13.5,12.4,0.0,1.8,4.4,0.3,0.0,,,
414366,423167,2018-09-20,경상북도,영주시,837,19.1,16.1,3.0,3.5,1.5,5.3,0.4,0.0,,,
414367,423168,2018-09-21,경상북도,영주시,837,19.4,16.4,3.0,23.0,0.9,2.6,0.3,0.0,,,
414368,423169,2018-09-22,경상북도,영주시,837,25.7,11.2,14.5,0.0,2.7,7.5,0.7,0.0,,,
414369,423170,2018-09-23,경상북도,영주시,837,24.8,9.1,15.7,0.0,2.6,5.4,0.8,0.0,,,
414370,423171,2018-09-24,경상북도,영주시,837,21.7,8.5,13.2,0.0,2.4,4.8,0.7,0.0,,,
414371,423172,2018-09-25,경상북도,영주시,837,25.0,5.2,19.8,0.0,2.3,5.9,0.5,0.0,,,
414372,423173,2018-09-26,경상북도,영주시,837,22.2,9.1,13.1,0.0,3.0,5.9,0.6,0.0,,,
414373,423174,2018-09-27,경상북도,영주시,837,24.7,5.8,18.9,0.0,2.2,6.3,0.6,0.0,,,
414374,423175,2018-09-28,경상북도,영주시,837,20.5,5.4,15.1,0.0,1.7,3.7,0.4,0.0,,,
414375,423176,2018-09-29,경상북도,영주시,837,26.3,9.9,16.4,0.0,2.6,5.9,0.7,0.0,,,
414376,423177,2018-09-30,경상북도,영주시,837,27.3,11.7,15.6,0.0,3.8,8.1,1.3,0.0,,,
414377,423178,2018-10-01,경상북도,영주시,837,18.5,8.3,10.2,0.0,3.7,8.2,1.4,0.3,,,
414378,423179,2018-10-02,경상북도,영주시,837,22.6,5.6,17.0,0.0,2.4,5.1,0.7,0.0,,,
414379,423180,2018-10-03,경상북도,영주시,837,24.1,3.8,20.3,0.0,2.0,3.7,0.3,0.0,,,
414380,423181,2018-10-04,경상북도,영주시,837,26.6,8.6,18.0,0.0,2.5,7.3,0.8,0.0,,,
414381,423182,2018-10-05,경상북도,영주시,837,17.5,13.7,3.8,66.0,1.0,2.7,0.2,0.0,,,
414382,423183,2018-10-06,경상북도,영주시,837,21.2,15.2,6.0,38.0,3.7,8.6,1.2,0.1,,,
414383,423184,2018-10-07,경상북도,영주시,837,24.2,8.9,15.3,0.0,2.4,5.4,0.9,0.0,,,
414384,423185,2018-10-08,경상북도,영주시,837,20.6,5.4,15.2,0.0,2.2,4.8,0.7,0.0,,,
414385,423186,2018-10-09,경상북도,영주시,837,20.9,6.0,14.9,0.0,1.9,4.4,0.4,0.0,,,
414386,423187,2018-10-10,경상북도,영주시,837,18.4,4.6,13.8,0.0,3.4,8.2,1.3,0.0,,,
414387,423188,2018-10-11,경상북도,영주시,837,15.8,0.7,15.1,0.0,4.9,9.2,1.3,0.1,,,
414388,423189,2018-10-12,경상북도,영주시,837,17.8,-1.1,18.9,0.0,1.9,4.0,0.6,0.1,,,
414389,423190,2018-10-13,경상북도,영주시,837,20.4,1.6,18.8,0.0,2.3,5.2,0.6,0.1,,,
414390,423191,2018-10-14,경상북도,영주시,837,20.8,2.9,17.9,0.0,2.6,5.0,0.7,0.0,,,
414391,423192,2018-10-15,경상북도,영주시,837,21.7,4.2,17.5,0.0,2.0,4.4,0.7,0.0,,,
414392,423193,2018-10-16,경상북도,영주시,837,17.5,3.6,13.9,0.0,2.0,3.5,0.4,0.0,,,
414393,423194,2018-10-17,경상북도,영주시,837,18.6,4.1,14.5,0.0,2.1,4.9,0.5,0.0,,,
414394,423195,2018-10-18,경상북도,영주시,837,15.7,3.1,12.6,4.5,1.8,5.3,0.5,0.1,,,
414395,423196,2018-10-19,경상북도,영주시,837,20.9,3.7,17.2,0.0,1.7,3.3,0.5,0.0,,,
414396,423197,2018-10-20,경상북도,영주시,837,20.4,0.1,20.3,0.0,2.2,5.1,0.6,0.0,,,
414397,423198,2018-10-21,경상북도,영주시,837,20.6,-0.9,21.5,0.0,1.9,3.6,0.5,0.0,,,
414398,423199,2018-10-22,경상북도,영주시,837,19.4,1.8,17.6,0.0,2.3,4.9,0.4,0.0,,,
414399,423200,2018-10-23,경상북도,영주시,837,19.9,4.2,15.7,0.0,2.6,5.9,0.7,0.0,,,
414400,423201,2018-10-24,경상북도,영주시,837,20.2,1.3,18.9,0.0,2.3,5.3,0.7,0.1,,,
414401,423202,2018-10-25,경상북도,영주시,837,21.2,0.0,21.2,0.0,1.8,4.2,0.5,0.0,,,
414402,423203,2018-10-26,경상북도,영주시,837,11.3,5.0,6.3,4.5,1.9,4.4,0.5,0.1,,,
414403,423204,2018-10-27,경상북도,영주시,837,13.0,5.4,7.6,0.0,4.9,11.1,2.0,0.7,,,
414404,423205,2018-10-28,경상북도,영주시,837,14.8,0.6,14.2,6.5,3.8,7.6,1.3,0.3,,,
414405,423206,2018-10-29,경상북도,영주시,837,13.6,-0.2,13.8,0.0,3.4,8.6,1.2,0.1,,,
414406,423207,2018-10-30,경상북도,영주시,837,13.4,-2.3,15.7,0.0,2.7,6.4,1.1,0.1,,,
414407,423208,2018-10-31,경상북도,영주시,837,16.0,-1.5,17.5,0.0,2.4,5.0,0.8,0.0,,,
414408,423209,2018-11-01,경상북도,영주시,837,16.5,-3.8,20.3,0.0,2.4,5.2,0.6,0.0,,,
414409,423210,2018-11-02,경상북도,영주시,837,18.7,-3.1,21.8,0.0,1.8,3.8,0.5,0.0,,,
414410,423211,2018-11-03,경상북도,영주시,837,19.9,-2.6,22.5,0.0,2.4,4.8,0.6,0.0,,,
414411,423212,2018-11-04,경상북도,영주시,837,20.2,-2.4,22.6,0.0,1.9,3.9,0.6,0.0,,,
414412,423213,2018-11-05,경상북도,영주시,837,18.7,-1.5,20.2,0.0,1.8,3.2,0.4,0.0,,,
414413,423214,2018-11-06,경상북도,영주시,837,19.8,2.5,17.3,0.0,2.0,4.0,0.6,0.0,,,
414414,423215,2018-11-07,경상북도,영주시,837,14.4,8.5,5.9,1.5,0.8,1.8,0.3,0.0,,,
414415,423216,2018-11-08,경상북도,영주시,837,14.2,10.8,3.4,38.0,4.7,10.4,0.4,0.0,,,
414416,423217,2018-11-09,경상북도,영주시,837,16.1,4.2,11.9,0.0,4.4,8.9,1.8,0.6,,,
414417,423218,2018-11-10,경상북도,영주시,837,17.6,1.3,16.3,0.0,2.2,5.1,0.7,0.1,,,
414418,423219,2018-11-11,경상북도,영주시,837,14.9,-1.9,16.8,0.0,1.8,4.3,0.5,0.0,,,
414419,423220,2018-11-12,경상북도,영주시,837,16.3,1.8,14.5,0.0,1.9,3.7,0.5,0.0,,,
414420,423221,2018-11-13,경상북도,영주시,837,16.8,2.9,13.9,0.5,1.6,3.1,0.5,0.0,,,
414421,423222,2018-11-14,경상북도,영주시,837,16.8,0.0,16.8,0.0,2.2,3.8,0.4,0.0,,,
414422,423223,2018-11-15,경상북도,영주시,837,15.6,-1.9,17.5,0.0,2.2,4.7,0.5,0.0,,,
414423,423224,2018-11-16,경상북도,영주시,837,13.3,0.3,13.0,0.0,1.5,3.1,0.4,0.0,,,
414424,423225,2018-11-17,경상북도,영주시,837,15.0,-2.0,17.0,0.0,2.0,3.6,0.6,0.0,,,
414425,423226,2018-11-18,경상북도,영주시,837,11.6,-1.9,13.5,0.0,1.9,3.3,0.6,0.1,,,
414426,423227,2018-11-19,경상북도,영주시,837,13.3,-2.8,16.1,0.0,2.9,7.5,0.8,0.0,,,
414427,423228,2018-11-20,경상북도,영주시,837,13.4,-4.1,17.5,0.0,2.7,5.4,0.8,0.0,,,
414428,423229,2018-11-21,경상북도,영주시,837,9.3,-4.1,13.4,0.0,1.7,5.3,0.5,0.2,,,
414429,423230,2018-11-22,경상북도,영주시,837,7.8,-4.1,11.9,0.0,4.0,7.2,1.3,0.1,,,
414430,423231,2018-11-23,경상북도,영주시,837,7.6,-7.4,15.0,0.0,3.1,6.2,1.1,0.2,,,
414431,423232,2018-11-24,경상북도,영주시,837,0.5,-6.5,7.0,6.0,1.8,3.8,0.4,0.0,,,
414432,423233,2018-11-25,경상북도,영주시,837,3.7,-1.8,5.5,0.0,1.5,2.5,0.5,0.2,,,
414433,423234,2018-11-26,경상북도,영주시,837,10.7,-3.8,14.5,0.0,2.0,3.4,0.6,0.0,,,
414434,423235,2018-11-27,경상북도,영주시,837,13.4,-5.5,18.9,0.0,2.5,6.5,0.7,0.0,,,
414435,423236,2018-11-28,경상북도,영주시,837,11.1,-3.3,14.4,0.0,2.3,4.7,0.7,0.0,,,
414436,423237,2018-11-29,경상북도,영주시,837,10.7,-5.4,16.1,0.0,2.2,4.6,0.7,0.0,,,
414437,423238,2018-11-30,경상북도,영주시,837,12.1,-5.5,17.6,0.0,2.2,4.6,0.7,0.1,,,
414438,423239,2018-12-01,경상북도,영주시,837,12.2,-3.6,15.8,0.0,1.7,3.3,0.5,0.1,,,
414439,423240,2018-12-02,경상북도,영주시,837,14.9,-1.9,16.8,0.0,1.7,3.1,0.4,0.0,,,
414440,423241,2018-12-03,경상북도,영주시,837,10.2,3.8,6.4,6.5,1.0,2.2,0.2,0.0,,,
414441,423242,2018-12-04,경상북도,영주시,837,13.6,4.3,9.3,12.0,3.9,7.8,1.1,0.0,,,
414442,423243,2018-12-05,경상북도,영주시,837,6.7,-4.0,10.7,0.0,2.6,5.9,0.7,0.1,,,
414443,423244,2018-12-06,경상북도,영주시,837,8.6,0.4,8.2,0.5,4.3,9.9,1.3,0.3,,,
414444,423245,2018-12-07,경상북도,영주시,837,1.5,-8.2,9.7,0.0,6.0,11.5,3.2,1.2,,,
414445,423246,2018-12-08,경상북도,영주시,837,-2.5,-13.4,10.9,0.0,5.1,9.8,2.1,0.3,,,
414446,423247,2018-12-09,경상북도,영주시,837,0.3,-14.9,15.2,0.0,2.2,4.4,0.9,0.1,,,
414447,423248,2018-12-10,경상북도,영주시,837,5.2,-13.7,18.9,0.0,1.8,3.1,0.5,0.0,,,
414448,423249,2018-12-11,경상북도,영주시,837,0.0,-6.6,6.6,2.5,1.2,2.1,0.3,0.0,,,
414449,423250,2018-12-12,경상북도,영주시,837,2.7,-10.3,13.0,0.0,2.5,5.3,0.7,0.0,,,
414450,423251,2018-12-13,경상북도,영주시,837,1.7,-13.0,14.7,0.0,4.5,9.9,1.3,0.2,,,
414451,423252,2018-12-14,경상북도,영주시,837,2.0,-13.0,15.0,0.0,2.2,4.7,0.7,0.0,,,
414452,423253,2018-12-15,경상북도,영주시,837,3.3,-14.8,18.1,0.0,1.7,3.2,0.5,0.0,,,
414453,423254,2018-12-16,경상북도,영주시,837,3.3,-8.6,11.9,0.0,1.8,3.5,0.5,0.2,,,
414454,423255,2018-12-17,경상북도,영주시,837,5.8,-3.2,9.0,0.0,4.7,10.7,2.0,0.2,,,
414455,423256,2018-12-18,경상북도,영주시,837,6.1,-4.8,10.9,0.0,4.9,9.8,1.7,0.0,,,
414456,423257,2018-12-19,경상북도,영주시,837,11.5,-4.0,15.5,0.0,3.2,7.3,0.7,0.2,,,
414457,423258,2018-12-20,경상북도,영주시,837,8.6,-4.7,13.3,0.0,1.7,3.6,0.5,0.0,,,
414458,423259,2018-12-21,경상북도,영주시,837,11.2,-7.2,18.4,0.0,2.0,3.5,0.5,0.0,,,
414459,423260,2018-12-22,경상북도,영주시,837,13.0,-3.8,16.8,0.0,2.2,4.2,0.6,0.1,,,
414460,423261,2018-12-23,경상북도,영주시,837,10.2,-0.6,10.8,0.0,4.2,8.8,2.0,0.0,,,
414461,423262,2018-12-24,경상북도,영주시,837,5.2,-9.0,14.2,0.0,2.3,5.4,0.8,0.1,,,
414462,423263,2018-12-25,경상북도,영주시,837,3.1,-12.1,15.2,0.0,1.9,3.4,0.6,0.2,,,
414463,423264,2018-12-26,경상북도,영주시,837,7.5,-3.8,11.3,0.0,4.3,7.1,1.3,0.1,,,
414464,423265,2018-12-27,경상북도,영주시,837,-1.9,-11.1,9.2,0.0,5.6,11.0,2.7,0.7,,,
414465,423266,2018-12-28,경상북도,영주시,837,-2.6,-15.7,13.1,0.0,3.4,6.6,1.0,0.3,,,
414466,423267,2018-12-29,경상북도,영주시,837,-2.1,-15.4,13.3,0.0,4.1,8.2,2.0,0.5,,,
414467,423268,2018-12-30,경상북도,영주시,837,0.9,-16.0,16.9,0.0,3.2,6.7,0.8,0.0,,,
414468,423269,2018-12-31,경상북도,영주시,837,3.8,-17.3,21.1,0.0,2.2,5.0,0.6,0.1,,,
414469,423270,2019-01-01,경상북도,영주시,837,1.3,-14.0,15.3,0.0,3.9,8.0,1.6,0.3,,,
414470,423271,2019-01-02,경상북도,영주시,837,3.3,-14.0,17.3,0.0,3.3,6.2,0.9,0.2,,,
414471,423272,2019-01-03,경상북도,영주시,837,4.9,-15.0,19.9,0.0,2.0,3.6,0.6,0.0,,,
414472,423273,2019-01-04,경상북도,영주시,837,4.4,-13.4,17.8,0.0,4.1,8.3,1.1,0.1,,,
414473,423274,2019-01-05,경상북도,영주시,837,5.8,-9.2,15.0,0.0,2.7,5.0,0.8,0.1,,,
414474,423275,2019-01-06,경상북도,영주시,837,4.6,-12.7,17.3,0.0,1.9,5.1,0.7,0.1,,,
414475,423276,2019-01-07,경상북도,영주시,837,4.7,-13.7,18.4,0.0,3.3,6.8,0.9,0.1,,,
414476,423277,2019-01-08,경상북도,영주시,837,3.4,-10.6,14.0,0.0,4.7,12.1,1.8,0.4,,,
414477,423278,2019-01-09,경상북도,영주시,837,1.7,-14.6,16.3,0.0,1.9,4.1,0.7,0.0,,,
414478,423279,2019-01-10,경상북도,영주시,837,5.1,-9.4,14.5,0.0,5.0,10.4,1.2,0.0,,,
414479,423280,2019-01-11,경상북도,영주시,837,7.6,-10.0,17.6,0.0,1.7,3.3,0.6,0.1,,,
414480,423281,2019-01-12,경상북도,영주시,837,2.6,-1.2,3.8,0.0,1.0,1.9,0.3,0.0,,,
414481,423282,2019-01-13,경상북도,영주시,837,0.9,-2.9,3.8,0.0,1.3,2.7,0.5,0.1,,,
414482,423283,2019-01-14,경상북도,영주시,837,0.8,-5.0,5.8,0.0,1.4,2.5,0.5,0.2,,,
414483,423284,2019-01-15,경상북도,영주시,837,3.7,-5.7,9.4,0.0,6.1,12.6,2.1,0.1,,,
414484,423285,2019-01-16,경상북도,영주시,837,1.3,-12.8,14.1,0.0,3.3,7.6,1.6,0.2,,,
414485,423286,2019-01-17,경상북도,영주시,837,4.5,-6.4,10.9,0.0,5.3,11.3,2.5,0.6,,,
414486,423287,2019-01-18,경상북도,영주시,837,7.9,-11.9,19.8,0.0,2.8,4.8,0.7,0.0,,,
414487,423288,2019-01-19,경상북도,영주시,837,7.8,-6.9,14.7,0.0,1.9,3.2,0.5,0.0,,,
414488,423289,2019-01-20,경상북도,영주시,837,4.6,-4.6,9.2,0.0,5.0,9.8,2.3,0.1,,,
414489,423290,2019-01-21,경상북도,영주시,837,4.9,-12.0,16.9,0.0,4.7,9.5,1.7,0.2,,,
414490,423291,2019-01-22,경상북도,영주시,837,9.0,-5.8,14.8,0.0,4.2,9.7,1.6,0.3,,,
414491,423292,2019-01-23,경상북도,영주시,837,8.9,-3.5,12.4,0.0,3.9,8.2,1.7,0.7,,,
414492,423293,2019-01-24,경상북도,영주시,837,7.7,-10.1,17.8,0.0,2.1,4.2,0.7,0.0,,,
414493,423294,2019-01-25,경상북도,영주시,837,4.6,-10.4,15.0,0.0,4.5,9.9,1.6,0.2,,,
414494,423295,2019-01-26,경상북도,영주시,837,4.5,-12.2,16.7,0.0,3.7,6.7,1.4,0.2,,,
414495,423296,2019-01-27,경상북도,영주시,837,5.7,-14.2,19.9,0.0,3.4,6.6,0.8,0.1,,,
414496,423297,2019-01-28,경상북도,영주시,837,6.3,-7.0,13.3,0.0,5.5,11.0,1.9,0.2,,,
414497,423298,2019-01-29,경상북도,영주시,837,7.7,-12.4,20.1,0.0,2.8,5.6,0.6,0.0,,,
414498,423299,2019-01-30,경상북도,영주시,837,11.5,-7.8,19.3,0.0,3.5,6.8,0.8,0.1,,,
414499,423300,2019-01-31,경상북도,영주시,837,2.7,-6.3,9.0,0.0,3.4,6.5,1.0,0.1,,,
414500,423301,2019-02-01,경상북도,영주시,837,4.0,-11.6,15.6,0.0,4.0,8.1,1.7,0.5,,,
414501,423302,2019-02-02,경상북도,영주시,837,10.0,-8.9,18.9,0.0,3.0,5.6,1.0,0.0,,,
414502,423303,2019-02-03,경상북도,영주시,837,4.5,-0.9,5.4,0.0,4.7,9.6,0.5,0.0,,,
414503,423304,2019-02-04,경상북도,영주시,837,6.3,-4.0,10.3,0.0,5.6,10.8,2.2,0.2,,,
414504,423305,2019-02-05,경상북도,영주시,837,8.8,-8.5,17.3,0.0,2.4,4.7,0.6,0.1,,,
414505,423306,2019-02-06,경상북도,영주시,837,12.5,-5.5,18.0,0.0,2.2,4.6,0.7,0.0,,,
414506,423307,2019-02-07,경상북도,영주시,837,5.6,-4.7,10.3,0.0,5.2,11.1,1.8,0.2,,,
414507,423308,2019-02-08,경상북도,영주시,837,4.0,-8.9,12.9,0.0,1.9,4.0,0.7,0.1,,,
414508,423309,2019-02-09,경상북도,영주시,837,2.0,-7.6,9.6,0.0,3.9,7.8,1.8,0.1,,,
414509,423310,2019-02-10,경상북도,영주시,837,2.7,-10.5,13.2,0.0,1.4,2.5,0.5,0.0,,,
414510,423311,2019-02-11,경상북도,영주시,837,3.3,-6.0,9.3,0.0,3.5,8.6,1.5,0.2,,,
414511,423312,2019-02-12,경상북도,영주시,837,6.2,-10.9,17.1,0.0,2.9,6.6,0.9,0.2,,,
414512,423313,2019-02-13,경상북도,영주시,837,4.8,-8.7,13.5,0.0,4.0,8.0,1.3,0.2,,,
414513,423314,2019-02-14,경상북도,영주시,837,7.1,-7.3,14.4,0.0,2.9,5.3,0.6,0.0,,,
414514,423315,2019-02-15,경상북도,영주시,837,8.1,-2.1,10.2,0.0,3.8,7.6,1.1,0.0,,,
414515,423316,2019-02-16,경상북도,영주시,837,3.7,-6.7,10.4,0.0,3.4,7.7,1.9,0.5,,,
414516,423317,2019-02-17,경상북도,영주시,837,7.2,-11.2,18.4,0.0,2.8,5.5,0.9,0.0,,,
414517,423318,2019-02-18,경상북도,영주시,837,8.1,-9.8,17.9,0.0,2.1,4.0,0.7,0.0,,,
414518,423319,2019-02-19,경상북도,영주시,837,2.9,-1.4,4.3,0.0,2.3,6.4,0.5,0.0,,,
414519,423320,2019-02-20,경상북도,영주시,837,5.5,-3.7,9.2,0.0,4.8,9.5,2.1,0.3,,,
414520,423321,2019-02-21,경상북도,영주시,837,10.1,-6.5,16.6,0.0,1.9,4.6,0.7,0.0,,,
414521,423322,2019-02-22,경상북도,영주시,837,11.6,-5.8,17.4,0.0,1.9,3.7,0.5,0.0,,,
414522,423323,2019-02-23,경상북도,영주시,837,13.6,-5.0,18.6,0.0,3.5,6.9,0.7,0.0,,,
414523,423324,2019-02-24,경상북도,영주시,837,14.7,-6.1,20.8,0.0,3.5,6.9,1.0,0.0,,,
414524,423325,2019-02-25,경상북도,영주시,837,14.8,-2.0,16.8,0.0,2.6,5.3,0.8,0.0,,,
414525,423326,2019-02-26,경상북도,영주시,837,13.8,-4.6,18.4,0.0,2.3,4.4,0.6,0.0,,,
414526,423327,2019-02-27,경상북도,영주시,837,12.7,1.0,11.7,0.0,2.6,5.1,0.7,0.0,,,
414527,423328,2019-02-28,경상북도,영주시,837,14.8,-2.4,17.2,0.0,2.8,5.6,1.1,0.0,,,
414528,423329,2019-03-01,경상북도,영주시,837,14.5,-4.6,19.1,0.0,3.0,5.4,0.8,0.1,,,
414529,423330,2019-03-02,경상북도,영주시,837,15.3,-5.1,20.4,0.0,2.8,6.3,0.8,0.0,,,
414530,423331,2019-03-03,경상북도,영주시,837,15.8,-2.9,18.7,0.0,2.2,4.1,0.6,0.0,,,
414531,423332,2019-03-04,경상북도,영주시,837,17.3,1.3,16.0,0.0,3.0,5.2,0.8,0.0,,,
414532,423333,2019-03-05,경상북도,영주시,837,14.9,-3.0,17.9,0.0,3.0,5.7,0.9,0.1,,,
414533,423334,2019-03-06,경상북도,영주시,837,16.0,1.8,14.2,0.0,3.1,5.8,0.9,0.1,,,
414534,423335,2019-03-07,경상북도,영주시,837,13.5,0.6,12.9,0.0,2.8,6.4,0.9,0.0,,,
414535,423336,2019-03-08,경상북도,영주시,837,15.6,-4.4,20.0,0.0,2.4,5.0,0.9,0.1,,,
414536,423337,2019-03-09,경상북도,영주시,837,16.6,-6.0,22.6,0.0,2.2,4.6,0.7,0.0,,,
414537,423338,2019-03-10,경상북도,영주시,837,12.9,1.1,11.8,0.0,3.1,6.8,0.8,0.1,,,
414538,423339,2019-03-11,경상북도,영주시,837,11.6,-1.9,13.5,0.0,2.6,5.1,0.8,0.1,,,
414539,423340,2019-03-12,경상북도,영주시,837,12.7,-0.2,12.9,0.0,5.3,11.0,2.4,0.7,,,
414540,423341,2019-03-13,경상북도,영주시,837,8.2,-2.5,10.7,0.0,5.6,12.6,2.7,0.9,,,
414541,423342,2019-03-14,경상북도,영주시,837,11.4,-6.7,18.1,0.0,2.9,6.8,1.2,0.1,,,
414542,423343,2019-03-15,경상북도,영주시,837,14.3,-3.4,17.7,0.0,5.7,10.3,1.2,0.1,,,
414543,423344,2019-03-16,경상북도,영주시,837,10.1,-3.1,13.2,0.0,2.6,5.0,0.8,0.1,,,
414544,423345,2019-03-17,경상북도,영주시,837,12.5,-3.2,15.7,0.0,4.1,8.0,1.2,0.2,,,
414545,423346,2019-03-18,경상북도,영주시,837,16.0,-6.0,22.0,0.0,3.0,5.3,1.0,0.1,,,
414546,423347,2019-03-19,경상북도,영주시,837,20.0,-2.0,22.0,0.0,3.2,7.2,0.9,0.1,,,
414547,423348,2019-03-20,경상북도,영주시,837,18.3,0.7,17.6,0.0,1.9,5.4,0.5,0.0,,,
414548,423349,2019-03-21,경상북도,영주시,837,13.7,3.4,10.3,0.0,4.9,10.3,1.8,0.0,,,
414549,423350,2019-03-22,경상북도,영주시,837,11.4,-2.4,13.8,0.0,3.7,5.6,1.7,0.1,,,
414550,423351,2019-03-23,경상북도,영주시,837,10.3,-4.4,14.7,0.5,4.7,7.4,1.3,0.1,,,
414551,423352,2019-03-24,경상북도,영주시,837,11.1,-5.9,17.0,0.0,3.5,5.9,1.3,0.2,,,
414552,423353,2019-03-25,경상북도,영주시,837,15.8,-4.4,20.2,0.0,2.5,5.0,1.0,0.0,,,
414553,423354,2019-03-26,경상북도,영주시,837,18.3,-1.4,19.7,0.0,4.9,8.0,1.6,0.1,,,
414554,423355,2019-03-27,경상북도,영주시,837,21.8,-1.2,23.0,0.0,5.9,10.4,1.9,0.3,,,
414555,423356,2019-03-28,경상북도,영주시,837,15.2,3.3,11.9,0.0,3.8,5.6,1.3,0.0,,,
414556,423357,2019-03-29,경상북도,영주시,837,19.3,0.2,19.1,0.0,3.2,5.8,0.8,0.0,,,
414557,423358,2019-03-30,경상북도,영주시,837,13.6,1.1,12.5,4.0,4.3,7.2,1.7,0.3,,,
414558,423359,2019-03-31,경상북도,영주시,837,6.0,0.6,5.4,0.0,3.6,6.4,1.7,0.7,,,
414559,423360,2019-04-01,경상북도,영주시,837,11.4,-2.2,13.6,0.0,4.7,7.4,2.1,0.6,,,
414560,423361,2019-04-02,경상북도,영주시,837,13.8,-5.1,18.9,0.0,3.8,6.9,1.3,0.2,,,
414561,423362,2019-04-03,경상북도,영주시,837,15.9,-4.0,19.9,0.0,3.5,6.0,1.6,0.3,,,
414562,423363,2019-04-04,경상북도,영주시,837,19.2,-3.4,22.6,0.0,3.9,7.3,1.4,0.3,,,
414563,423364,2019-04-05,경상북도,영주시,837,20.3,-0.7,21.0,0.0,4.7,8.0,1.9,0.3,,,
414564,423365,2019-04-06,경상북도,영주시,837,20.7,-1.0,21.7,0.0,2.2,4.2,0.9,0.0,,,
414565,423366,2019-04-07,경상북도,영주시,837,23.3,5.0,18.3,0.5,4.2,5.8,1.0,0.1,,,
414566,423367,2019-04-08,경상북도,영주시,837,20.1,0.3,19.8,0.0,4.7,7.2,1.5,0.0,,,
414567,423368,2019-04-09,경상북도,영주시,837,16.7,-0.3,17.0,27.5,5.5,7.8,1.5,0.0,,,
414568,423369,2019-04-10,경상북도,영주시,837,8.7,-0.3,9.0,8.5,1.5,2.2,0.3,0.0,,,
414569,423370,2019-04-11,경상북도,영주시,837,15.2,0.2,15.0,0.0,2.4,4.6,0.9,0.1,,,
414570,423371,2019-04-12,경상북도,영주시,837,19.9,2.7,17.2,0.0,3.0,4.8,0.9,0.0,,,
414571,423372,2019-04-13,경상북도,영주시,837,19.9,-0.1,20.0,0.0,3.0,4.6,1.0,0.1,,,
414572,423373,2019-04-14,경상북도,영주시,837,14.1,4.1,10.0,0.0,4.4,7.9,1.5,0.1,,,
414573,423374,2019-04-15,경상북도,영주시,837,20.6,-1.8,22.4,0.0,4.0,7.3,1.8,0.3,,,
414574,423375,2019-04-16,경상북도,영주시,837,24.9,-0.8,25.7,0.0,4.0,6.7,1.0,0.1,,,
414575,423376,2019-04-17,경상북도,영주시,837,26.2,6.0,20.2,0.0,3.3,5.6,1.0,0.1,,,
414576,423377,2019-04-18,경상북도,영주시,837,24.6,4.9,19.7,0.0,4.5,7.7,1.1,0.1,,,
414577,423378,2019-04-19,경상북도,영주시,837,13.5,3.0,10.5,0.0,3.3,6.3,1.3,0.2,,,
414578,423379,2019-04-20,경상북도,영주시,837,23.9,-1.1,25.0,0.0,3.1,5.2,1.3,0.1,,,
414579,423380,2019-04-21,경상북도,영주시,837,24.7,12.4,12.3,0.0,2.7,5.1,1.2,0.0,,,
414580,423381,2019-04-22,경상북도,영주시,837,27.8,7.7,20.1,0.0,4.1,6.3,1.2,0.0,,,
414581,423382,2019-04-23,경상북도,영주시,837,23.7,8.7,15.0,2.0,3.0,5.5,0.9,0.0,,,
414582,423383,2019-04-24,경상북도,영주시,837,23.0,13.8,9.2,13.5,2.4,4.1,0.6,0.0,,,
414583,423384,2019-04-25,경상북도,영주시,837,20.6,8.5,12.1,3.0,3.2,5.1,1.5,0.2,,,
414584,423385,2019-04-26,경상북도,영주시,837,12.9,5.6,7.3,6.5,2.5,4.5,0.5,0.0,,,
414585,423386,2019-04-27,경상북도,영주시,837,19.5,2.1,17.4,0.0,2.7,4.2,1.1,0.0,,,
414586,423387,2019-04-28,경상북도,영주시,837,16.3,5.6,10.7,0.0,1.5,2.9,0.5,0.0,,,
414587,423388,2019-04-29,경상북도,영주시,837,16.6,3.5,13.1,7.0,2.2,3.5,0.4,0.0,,,
414588,423389,2019-04-30,경상북도,영주시,837,21.7,9.3,12.4,0.0,2.9,5.0,1.0,0.0,,,
414589,423390,2019-05-01,경상북도,영주시,837,23.6,9.0,14.6,0.0,3.9,6.7,1.3,0.0,,,
414590,423391,2019-05-02,경상북도,영주시,837,25.6,6.5,19.1,0.0,3.2,6.3,1.2,0.1,,,
414591,423392,2019-05-03,경상북도,영주시,837,28.7,4.0,24.7,0.0,3.6,5.8,0.9,0.1,,,
414592,423393,2019-05-04,경상북도,영주시,837,28.8,5.3,23.5,0.0,3.2,5.8,0.9,0.1,,,
414593,423394,2019-05-05,경상북도,영주시,837,29.5,8.3,21.2,0.0,3.3,6.2,1.1,0.0,,,
414594,423395,2019-05-06,경상북도,영주시,837,21.0,4.4,16.6,0.0,3.5,5.7,1.1,0.1,,,
414595,423396,2019-05-07,경상북도,영주시,837,22.8,0.4,22.4,0.0,3.7,6.3,1.2,0.2,,,
414596,423397,2019-05-08,경상북도,영주시,837,25.1,3.4,21.7,0.0,3.2,5.7,1.2,0.3,,,
414597,423398,2019-05-09,경상북도,영주시,837,24.9,8.3,16.6,0.0,3.2,6.1,1.3,0.1,,,
414598,423399,2019-05-10,경상북도,영주시,837,29.3,3.6,25.7,0.0,2.8,4.9,0.8,0.0,,,
414599,423400,2019-05-11,경상북도,영주시,837,30.6,7.5,23.1,0.0,2.6,5.0,0.8,0.0,,,
414600,423401,2019-05-12,경상북도,영주시,837,28.6,8.1,20.5,0.0,2.6,4.5,0.8,0.1,,,
414601,423402,2019-05-13,경상북도,영주시,837,26.8,15.5,11.3,0.0,2.1,3.6,0.9,0.3,,,
414602,423403,2019-05-14,경상북도,영주시,837,28.8,10.4,18.4,0.0,3.0,4.8,1.0,0.2,,,
414603,423404,2019-05-15,경상북도,영주시,837,28.9,10.1,18.8,0.0,3.0,5.4,0.9,0.2,,,
414604,423405,2019-05-16,경상북도,영주시,837,30.9,12.0,18.9,0.0,2.4,4.7,0.8,0.1,,,
414605,423406,2019-05-17,경상북도,영주시,837,30.0,12.4,17.6,0.0,3.6,5.8,0.8,0.1,,,
414606,423407,2019-05-18,경상북도,영주시,837,20.9,14.4,6.5,9.5,1.6,3.5,0.6,0.2,,,
414607,423408,2019-05-19,경상북도,영주시,837,23.8,13.9,9.9,4.5,2.9,4.7,0.7,0.1,,,
414608,423409,2019-05-20,경상북도,영주시,837,21.5,10.3,11.2,8.5,3.9,7.2,1.6,0.0,,,
414609,423410,2019-05-21,경상북도,영주시,837,24.7,3.7,21.0,0.0,3.8,7.2,1.4,0.2,,,
414610,423411,2019-05-22,경상북도,영주시,837,28.4,5.6,22.8,0.0,3.6,6.8,1.2,0.1,,,
414611,423412,2019-05-23,경상북도,영주시,837,29.9,7.2,22.7,0.0,3.2,5.9,1.0,0.1,,,
414612,423413,2019-05-24,경상북도,영주시,837,32.6,8.3,24.3,0.0,2.5,4.5,0.8,0.2,,,
414613,423414,2019-05-25,경상북도,영주시,837,31.5,14.2,17.3,0.0,3.3,5.6,1.1,0.2,,,
414614,423415,2019-05-26,경상북도,영주시,837,32.8,12.2,20.6,0.0,3.6,6.2,1.0,0.2,,,
414615,423416,2019-05-27,경상북도,영주시,837,19.1,14.3,4.8,36.0,4.0,5.7,1.0,0.1,,,
414616,423417,2019-05-28,경상북도,영주시,837,24.3,11.0,13.3,0.0,2.8,4.8,1.4,0.2,,,
414617,423418,2019-05-29,경상북도,영주시,837,27.5,6.8,20.7,0.0,3.5,6.3,1.5,0.4,,,
414618,423419,2019-05-30,경상북도,영주시,837,27.3,8.1,19.2,0.0,3.1,5.6,1.0,0.3,,,
414619,423420,2019-05-31,경상북도,영주시,837,25.8,13.1,12.7,0.0,3.4,5.6,1.6,0.5,,,
414620,423421,2019-06-01,경상북도,영주시,837,25.8,8.1,17.7,0.0,3.1,5.8,1.0,0.1,,,
414621,423422,2019-06-02,경상북도,영주시,837,30.0,9.8,20.2,0.0,3.1,5.1,0.9,0.0,,,
415048,423849,2020-08-02,경상북도,영주시,837,28.1,22.4,5.7,,2.3,12.0,0.5,0.0,99.5,96.6,82.2
415074,423875,2020-08-28,경상북도,영주시,837,30.8,23.5,7.3,24.0,0.0,,0.0,0.0,99.5,91.0,70.3
415081,423882,2020-09-04,경상북도,영주시,837,27.1,15.8,11.3,0.0,0.0,,0.0,0.0,99.5,84.5,49.8
415082,423883,2020-09-05,경상북도,영주시,837,22.7,16.4,6.3,0.0,0.0,,,,99.5,93.4,78.8
415083,423884,2020-09-06,경상북도,영주시,837,22.7,16.5,6.2,11.5,0.2,,,,99.5,97.2,79.5
415084,423885,2020-09-07,경상북도,영주시,837,22.8,16.8,6.0,32.0,0.0,,,,99.5,98.8,90.3
415260,424061,2021-03-02,경상북도,영주시,837,5.8,-2.3,8.1,,1.2,3.2,0.2,0.0,99.6,86.3,58.1
418925,427726,2019-03-16,경상북도,상주시,137,11.5,1.2,10.3,,4.8,8.8,2.2,0.8,81.6,62.2,41.0
419992,428793,2022-02-15,경상북도,상주시,137,1.6,-6.0,7.6,,6.9,13.2,4.2,2.8,71.0,55.0,44.2
420240,429041,2022-10-21,경상북도,상주시,137,17.7,5.5,12.2,,2.8,6.1,1.0,0.1,91.4,65.3,39.9
424662,433463,2022-11-30,경상북도,경산시,827,6.8,-2.8,9.6,0.0,6.8,12.8,3.8,1.8,,,
424663,433464,2022-12-01,경상북도,경산시,827,2.4,-3.3,5.7,0.0,4.6,9.9,2.5,0.6,,,
424664,433465,2022-12-02,경상북도,경산시,827,5.0,-2.9,7.9,0.0,3.7,7.9,1.6,0.1,,,
424665,433466,2022-12-03,경상북도,경산시,827,11.1,-3.5,14.6,0.0,2.6,5.1,0.8,0.0,,,
424666,433467,2022-12-04,경상북도,경산시,827,6.6,1.0,5.6,0.0,5.4,11.1,2.6,1.0,,,
424667,433468,2022-12-05,경상북도,경산시,827,6.0,-1.1,7.1,0.0,3.7,7.1,2.0,0.7,,,
427795,436596,2019-06-30,경상북도,청송군,276,27.8,19.5,8.3,,3.5,4.7,1.4,0.0,99.0,88.4,69.6
428596,437397,2021-09-08,경상북도,청송군,276,28.8,17.1,11.7,,3.6,6.4,2.0,0.2,96.7,82.7,57.2
428603,437404,2021-09-15,경상북도,청송군,276,25.6,16.1,9.5,,6.2,11.5,3.0,0.6,88.0,68.9,50.0
428604,437405,2021-09-16,경상북도,청송군,276,24.6,13.8,10.8,,4.2,6.9,1.6,0.0,99.1,82.9,61.0
428667,437468,2021-11-18,경상북도,청송군,276,15.8,-2.0,17.8,,4.7,8.8,1.4,0.0,98.6,80.5,53.8
428668,437469,2021-11-19,경상북도,청송군,276,17.4,0.4,17.0,,5.1,9.7,1.8,0.0,99.9,83.8,48.9
428675,437476,2021-11-26,경상북도,청송군,276,10.1,-3.2,13.3,,6.2,11.4,2.3,0.1,84.5,53.4,18.3
428676,437477,2021-11-27,경상북도,청송군,276,11.9,-6.4,18.3,,2.4,4.5,0.7,0.1,97.6,68.9,18.7
428677,437478,2021-11-28,경상북도,청송군,276,12.2,-6.7,18.9,,4.1,7.5,1.1,0.1,97.2,69.2,25.2
428678,437479,2021-11-29,경상북도,청송군,276,14.9,-6.6,21.5,,3.4,5.4,1.0,0.0,96.9,66.8,24.0
428680,437481,2021-12-01,경상북도,청송군,276,2.4,-4.8,7.2,,9.7,19.8,5.4,1.8,65.9,43.3,27.1
428683,437484,2021-12-04,경상북도,청송군,276,7.1,-7.0,14.1,,6.4,13.2,2.8,0.6,92.3,59.1,35.5
428684,437485,2021-12-05,경상북도,청송군,276,13.0,-7.4,20.4,,3.4,5.4,0.7,0.0,98.3,80.2,37.6
428686,437487,2021-12-07,경상북도,청송군,276,13.6,-2.5,16.1,,4.1,7.6,1.2,0.2,93.5,74.5,28.4
428687,437488,2021-12-08,경상북도,청송군,276,13.5,-2.4,15.9,,2.5,4.4,0.7,0.0,94.2,79.5,40.5
428688,437489,2021-12-09,경상북도,청송군,276,12.9,-3.0,15.9,,3.5,5.4,0.8,0.0,95.7,80.9,46.7
428689,437490,2021-12-10,경상북도,청송군,276,12.2,-0.9,13.1,,3.5,6.3,1.1,0.0,96.7,80.9,53.8
428690,437491,2021-12-11,경상북도,청송군,276,12.2,0.9,11.3,,3.3,6.3,0.9,0.2,93.8,77.8,50.1
428691,437492,2021-12-12,경상북도,청송군,276,9.4,-3.0,12.4,,7.7,13.8,3.7,1.0,82.9,50.8,26.5
428692,437493,2021-12-13,경상북도,청송군,276,4.0,-8.0,12.0,,5.4,8.5,2.6,0.1,64.7,41.3,13.0
428694,437495,2021-12-15,경상북도,청송군,276,12.3,-1.9,14.2,,5.4,9.5,1.4,0.0,96.4,76.3,42.9
428695,437496,2021-12-16,경상북도,청송군,276,10.3,-1.7,12.0,,4.2,9.4,1.0,0.0,97.7,79.4,41.1
428696,437497,2021-12-17,경상북도,청송군,276,5.4,-9.3,14.7,,11.1,22.6,5.9,2.8,58.5,35.0,14.3
428697,437498,2021-12-18,경상북도,청송군,276,0.2,-13.5,13.7,,6.0,12.7,2.7,0.2,74.7,47.1,26.4
428699,437500,2021-12-20,경상북도,청송군,276,10.0,-7.2,17.2,,5.2,11.4,1.6,0.0,85.5,67.8,43.6
428700,437501,2021-12-21,경상북도,청송군,276,12.2,-2.9,15.1,,5.6,9.5,1.7,0.0,95.5,74.2,41.0
428701,437502,2021-12-22,경상북도,청송군,276,11.1,-6.8,17.9,,3.0,4.3,0.7,0.0,95.0,66.9,21.1
428702,437503,2021-12-23,경상북도,청송군,276,8.3,-8.8,17.1,,4.8,7.9,0.9,0.0,90.4,68.0,26.9
428703,437504,2021-12-24,경상북도,청송군,276,7.8,-5.2,13.0,,5.3,9.4,1.7,0.0,87.2,66.0,40.2
428704,437505,2021-12-25,경상북도,청송군,276,0.0,-11.8,11.8,,6.7,12.7,4.2,2.5,63.2,36.5,14.6
428705,437506,2021-12-26,경상북도,청송군,276,-5.5,-14.8,9.3,,6.8,13.0,3.9,2.6,51.6,34.0,17.8
428706,437507,2021-12-27,경상북도,청송군,276,0.3,-12.0,12.3,,6.9,11.9,3.9,2.1,72.2,41.9,22.8
428707,437508,2021-12-28,경상북도,청송군,276,5.6,-10.6,16.2,,5.8,9.5,2.0,0.3,93.2,67.4,39.8
430769,439570,2021-08-21,경상북도,영양군,801,25.1,19.7,5.4,,4.0,7.9,1.5,0.0,99.2,98.4,92.3
431814,440615,2018-07-02,경상북도,영덕군,844,24.9,23.7,1.2,,2.0,3.5,,,93.0,93.0,93.0
432384,441185,2020-01-23,경상북도,영덕군,844,10.1,3.5,6.6,,3.3,7.4,1.0,0.0,100.0,93.2,74.5
434382,443183,2019-07-14,경상북도,청도군,813,30.2,20.2,10.0,1.5,3.8,5.8,1.4,0.0,,,
434383,443184,2019-07-15,경상북도,청도군,813,28.4,20.5,7.9,21.0,4.3,8.1,1.0,0.0,,,
434384,443185,2019-07-16,경상북도,청도군,813,28.9,20.4,8.5,6.0,3.7,5.6,1.2,0.1,,,
434385,443186,2019-07-17,경상북도,청도군,813,29.3,19.0,10.3,0.0,3.6,5.8,1.3,0.2,,,
434388,443189,2019-07-20,경상북도,청도군,813,25.7,22.2,3.5,132.5,6.3,12.2,2.5,0.4,,,
434389,443190,2019-07-21,경상북도,청도군,813,27.9,23.0,4.9,44.5,7.1,12.5,3.1,0.3,,,
434575,443376,2020-01-23,경상북도,청도군,813,9.7,2.8,6.9,,1.8,2.3,0.5,0.0,97.9,93.0,78.3
435556,444357,2022-09-30,경상북도,청도군,813,29.7,11.7,18.0,,3.1,3.8,0.9,0.2,97.7,77.4,33.3
436008,444809,2023-12-27,경상북도,청도군,813,11.9,-3.3,15.2,0.0,3.4,,0.0,0.0,94.6,70.6,28.3
437470,446271,2022-01-02,경상북도,고령군,812,8.4,-6.7,15.1,0.0,0.8,4.1,,,71.7,44.9,28.1
437471,446272,2022-01-03,경상북도,고령군,812,6.9,-8.6,15.5,0.0,2.4,5.6,,,83.2,47.6,19.5
441019,449820,2019-09-22,경상북도,칠곡군,825,18.2,15.7,2.5,,5.2,14.6,3.2,2.4,98.8,95.7,83.2
444233,453034,2022-07-11,경상북도,예천군,815,27.1,22.4,4.7,,3.2,4.3,0.7,0.1,98.0,91.2,77.1
444304,453105,2022-09-20,경상북도,예천군,815,23.9,12.1,11.8,0.0,1.5,,0.6,0.6,92.1,72.8,41.0
444305,453106,2022-09-21,경상북도,예천군,815,24.0,9.2,14.8,0.0,0.2,,,,96.9,70.9,36.6
444770,453571,2023-10-30,경상북도,예천군,815,,,,0.0,1.4,1.8,0.6,0.1,93.6,93.6,93.6
446543,455344,2018-07-04,경상북도,울진군,130,27.2,19.9,7.3,21.3,5.8,9.9,3.2,0.5,,,
448520,457321,2023-12-02,경상북도,울진군,130,10.5,-1.9,12.4,0.0,4.5,,1.6,0.0,57.3,39.3,30.4
449077,457878,2019-06-12,경상북도,울릉군,115,16.2,14.0,2.2,0.0,5.5,7.9,3.0,0.4,,,
449107,457908,2019-07-12,경상북도,울릉군,115,23.5,18.7,4.8,0.0,8.9,16.9,3.4,0.6,,,
449108,457909,2019-07-13,경상북도,울릉군,115,25.2,20.1,5.1,0.0,5.4,8.1,2.5,0.7,,,
